{
  "model/models.js": 1727764284754,
  "controller/App.controller.js": 1727764284758,
  "i18n/i18n.properties": 1727764284750,
  "controller/ApproveRequest.controller.js": 1727764284762,
  "utils/locate-reuse-libs.js": 1727764284754,
  "manifest.json": 1727775831442,
  "controller/App-dbg.controller.js": 1727764284758,
  "controller/App.controller.js.map": 1727775831565,
  "model/models-dbg.js": 1727764284754,
  "model/models.js.map": 1727775831568,
  "controller/ApproveRequest-dbg.controller.js": 1727764284762,
  "controller/ApproveRequest.controller.js.map": 1727775831566,
  "utils/locate-reuse-libs-dbg.js": 1727764284754,
  "utils/locate-reuse-libs.js.map": 1727775831581,
  "Component-preload.js": 1727775831649,
  "Component-preload.js.map": 1727775831649,
  "view/ApproveRequest.view.xml": 1727765738619,
  "view/App.view.xml": 1727765771811,
  "css/style.css": 1727764284758,
  "index.html": 1727764284750
}