{
  "index.html": 1727760905841,
  "model/models.js": 1727760905845,
  "controller/blocks/myBlock.js": 1727761552537,
  "controller/blocks/SRQF.js": 1727761559849,
  "controller/blocks/CIRD.js": 1727761550245,
  "controller/blocks/CCD.js": 1727761547569,
  "controller/blocks/payment.js": 1727763889070,
  "controller/RequestForm.controller.js": 1727763109258,
  "controller/RegistrationForm.controller.js": 1727761952869,
  "controller/App.controller.js": 1727760905845,
  "manifest.json": 1727775828830,
  "Component.js": 1727760905841,
  "controller/RegistrationForm-dbg.controller.js": 1727761952869,
  "controller/RegistrationForm.controller.js.map": 1727775828987,
  "controller/blocks/myBlock-dbg.js": 1727761552537,
  "controller/blocks/myBlock.js.map": 1727775828948,
  "controller/blocks/SRQF-dbg.js": 1727761559849,
  "controller/blocks/SRQF.js.map": 1727775828949,
  "controller/blocks/CIRD-dbg.js": 1727761550245,
  "controller/blocks/CIRD.js.map": 1727775828950,
  "controller/blocks/CCD-dbg.js": 1727761547569,
  "controller/blocks/CCD.js.map": 1727775828949,
  "controller/blocks/payment-dbg.js": 1727763889070,
  "controller/blocks/payment.js.map": 1727775828950,
  "controller/RequestForm-dbg.controller.js": 1727763109258,
  "controller/RequestForm.controller.js.map": 1727775828988,
  "model/models-dbg.js": 1727760905845,
  "model/models.js.map": 1727775828952,
  "controller/App-dbg.controller.js": 1727760905845,
  "controller/App.controller.js.map": 1727775828952,
  "Component-dbg.js": 1727760905841,
  "Component.js.map": 1727775828954,
  "Component-preload.js": 1727775829118,
  "Component-preload.js.map": 1727775829119,
  "view/fragment/uploadfile.fragment.xml": 1727761369877,
  "view/blocks/payment.view.xml": 1727761518621,
  "view/blocks/myBlock.view.xml": 1727761522889,
  "view/blocks/SRQF.view.xml": 1727761952857,
  "view/blocks/CIRD.view.xml": 1727761526865,
  "view/blocks/CCD.view.xml": 1727761531253,
  "view/RequestForm.view.xml": 1727763556478,
  "view/RegistrationForm.view.xml": 1727761952613,
  "view/App.view.xml": 1727760905849,
  "css/style.css": 1727760905849,
  "i18n/i18n.properties": 1727761021101
}